id;survey_id;title;description;start_date;end_date;created_by_user_id;created_date;status
1;32420;stormy times;exposure legalise;2024-02-11T18:15:41;2024-02-12T08:09:14;29867;2024-02-12T14:25:43;31688
2;14161;brutalise;circa live luxurious;2024-02-12T12:45:48;2024-02-11T21:04:47;9753;2024-02-11T22:03:56;11941
3;14119;watch;yowza attentive;2024-02-11T19:04:28;2024-02-12T04:14:18;31277;2024-02-12T14:50:46;2364
4;23375;noisily;yuck;2024-02-12T03:13:56;2024-02-12T04:16:58;31337;2024-02-12T11:32:28;19417
5;24588;hurricane an;generally;2024-02-12T13:40:01;2024-02-12T12:51:46;1999;2024-02-12T14:00:26;18269
6;30997;regarding;lean;2024-02-11T16:42:52;2024-02-11T20:15:15;23724;2024-02-12T07:03:49;16834
7;13669;concrete correctly teller;reassuringly;2024-02-11T17:18:44;2024-02-11T17:29:51;32759;2024-02-12T10:17:08;2319
8;25194;wooden eurocentrism repay;discern;2024-02-12T13:10:20;2024-02-12T10:56:50;13425;2024-02-12T04:29:23;27992
9;21228;blind slander;fooey;2024-02-12T11:30:30;2024-02-11T19:08:02;29155;2024-02-12T11:57:13;7559
10;17249;waterfall kindhearted pique;hmph therapist since;2024-02-12T02:30:21;2024-02-12T01:09:35;25821;2024-02-12T00:42:30;16954
